file,num_variables,density,min_coeff,max_coeff
network05.qs,3640,0.05271012974940467,-4.75713475713e+17,4.5260616934376417e+18
network06.qs,6650,0.035978986708991696,-4.75713475713e+17,6.789092540156229e+18
network07.qs,10982,0.02617249920171823,-4.75713475713e+17,9.504729556218532e+18
network08.qs,16876,0.01991376531420686,-4.75713475713e+17,1.2672972741624553e+19
network09.qs,24572,0.015668781836581776,-4.75713475713e+17,1.6293822096374292e+19
