file,num_variables,density,min_coeff,max_coeff
topology_15_3.qs,45079,0.0021897917041349847,-735.0,77182.0
topology_15_4.qs,45094,0.0021885859419709017,-735.0,77182.0
topology_20_3.qs,146535,0.0012228116522664803,-1280.0,243208.0
topology_20_4.qs,146555,0.001222518899163091,-1280.0,243208.0
topology_20_5.qs,146555,0.001222518899163091,-1280.0,243208.0
