file,num_variables,density,min_coeff,max_coeff
stp_s020_l2_t3_h2_rs24098.qs,127676,0.0001624509605671634,-59714.0,149286.0
stp_s020_l2_t3_h3_rs97531.qs,154510,0.0001483657109217828,-73202.0,183006.0
stp_s020_l2_t4_h0_rs24098.qs,158232,0.0001332273108370968,-184326.0,307211.0
stp_s020_l2_t4_h3_rs37235.qs,123288,0.00017671186951065084,-178182.0,296971.0
