file,num_variables,density,min_coeff,max_coeff
topology_15_3.qs,9556,0.001395758427339074,-7.0,49.0
topology_15_4.qs,4831,0.002770805545312352,-7.0,49.0
topology_20_3.qs,34771,0.0004525823878051521,-1139.0,192.0
topology_20_4.qs,23371,0.0006692455553626118,-8.0,64.0
topology_20_5.qs,11781,0.0013359870370065383,-8.0,64.0
topology_25_4.qs,136203,0.00012865728988616633,-23998.0,3000.0
topology_25_5.qs,113703,0.00015407682025248432,-23998.0,3000.0
topology_25_6.qs,23101,0.0007566341780292614,-9.0,81.0
